{
    "success": "true",
    "data": [
        {
            "lob": "CPC",
            "bank": "Wealth Mgmt (USA)",
            "entitlement": "Workstation Access",
            "status": "Active",
            "action": "Update"
        },
        {
            "lob": "JPMS",
            "bank": "Wealth Mgmt (USA)",
            "entitlement": "Workstation Access",
            "status": "Active",
            "action": "Update"
        },
        {
            "lob": "PB",
            "bank": "Wealth Mgmt (USA)",
            "entitlement": "Workstation Access",
            "status": "Active",
            "action": "Update"
        },
        {
            "lob": "PCS",
            "bank": "Wealth Mgmt (USA)",
            "entitlement": "Workstation Access",
            "status": "Active",
            "action": "Update"
        },
        {
            "lob": "SS",
            "bank": "Wealth Mgmt (USA)",
            "entitlement": "Sensitive Client Access",
            "status": "Active",
            "action": "Update"
        },
         {
            "lob": "SA",
            "bank": "Wealth Mgmt (USA)",
            "entitlement": "Sensitive Client Access",
            "status": "Active",
            "action": "Update"
        },
           {
            "lob": "SF",
            "bank": "Wealth Mgmt (USA)",
            "entitlement": "Sensitive Client Access",
            "status": "Active",
            "action": "Update"
        },
           {
            "lob": "SQ",
            "bank": "Wealth Mgmt (USA)",
            "entitlement": "Sensitive Client Access",
            "status": "Active",
            "action": "Update"
        },
           {
            "lob": "SG",
            "bank": "Wealth Mgmt (USA)",
            "entitlement": "Sensitive Client Access",
            "status": "Active",
            "action": "Update"
        },
           {
            "lob": "SL",
            "bank": "Wealth Mgmt (USA)",
            "entitlement": "Sensitive Client Access",
            "status": "Active",
            "action": "Update"
        },
           {
            "lob": "SD",
            "bank": "Wealth Mgmt (USA)",
            "entitlement": "Sensitive Client Access",
            "status": "Active",
            "action": "Update"
        },
         {
            "lob": "SK",
            "bank": "Wealth Mgmt (USA)",
            "entitlement": "Sensitive Client Access",
            "status": "Active",
            "action": "Update"
        },
         {
            "lob": "SX",
            "bank": "Wealth Mgmt (USA)",
            "entitlement": "Sensitive Client Access",
            "status": "Active",
            "action": "Update"
        },
        
         {
            "lob": "SZ",
            "bank": "Wealth Mgmt (USA)",
            "entitlement": "Sensitive Client Access",
            "status": "Active",
            "action": "Update"
        },
        {
            "lob": "SN",
            "bank": "Wealth Mgmt (USA)",
            "entitlement": "Sensitive Client Access",
            "status": "Active",
            "action": "Update"
        },
         
    ]
}