{
    "success": "true",
    "data": [
        {
            "lob": "PCS",
            "bank": "Wealth Mgmt (USA)",
            "group": "Banker / Advisor",
            "roleName": "Account Opening - View Only (Banker)",
            "roleDescription": "View access to Stream. Navigation by Banker view.",
            "status": "Active",
            "action": ""
        },
        {
            "lob": "PCS",
            "bank": "Wealth Mgmt (USA)",
            "group": "Banker / Advisor",
            "roleName": "Banker / Advisor",
            "roleDescription": "Access to the core WS functions including CRM, but not planning station. Employees roll up to Retail.",
            "status": "Active",
            "action": ""
        },
        {
            "lob": "CPC",
            "bank": "Wealth Mgmt (USA)",
            "group": "Banker / Advisor",
            "roleName": "CPC Advisor Assistant",
            "roleDescription": "Assists CPC Advisor and functions similar to PWM Investment Assistant, but also needs to cover for Service Specialist",
            "status": "Active",
            "action": ""
        },
        {
            "lob": "PCS",
            "bank": "Wealth Mgmt (USA)",
            "group": "Banker / Advisor",
            "roleName": "Market Director (PCS)",
            "roleDescription": "Access to the core WS functions including CRM, Client List, Hierarchy, and Market level CRM reports",
            "status": "Active",
            "action": ""
        },
        {
            "lob": "PCS",
            "bank": "Wealth Mgmt (USA)",
            "group": "Banker / Advisor",
            "roleName": "PCS Client Advisor",
            "roleDescription": "Access to the core WS functions including: CRM, and planning station.",
            "status": "Active",
            "action": ""
        },
        {
            "lob": "PCS",
            "bank": "Wealth Mgmt (USA)",
            "group": "Banker / Advisor",
            "roleName": "Regional Director (PCS)",
            "roleDescription": "Access to the core WS functions including CRM, Client List, Hierarchy, and National CRM reports (This role is authorized to receive 'RESTRICTED CLIENT ACCESS')",
            "status": "Active",
            "action": ""
        },
        {
            "lob": "PCS",
            "bank": "Wealth Mgmt (USA)",
            "group": "Investments",
            "roleName": "Investor Assistant",
            "roleDescription": "Access to the core WS functions including: Home, Client, Sales, Service, Trade, Reports, Market Data, Administrator, Tools; Includes Financial Planning Assistant Group",
            "status": "Active",
            "action": ""
        },
        {
            "lob": "CPC",
            "bank": "Wealth Mgmt (USA)",
            "group": "Operations",
            "roleName": "CWM Supervisory Manager (Primary)",
            "roleDescription": "Approve high risk KYCs for CPC clients with CPC Investment manager functions",
            "status": "Active",
            "action": ""
        },
        {
            "lob": "SS",
            "bank": "Wealth Mgmt (USA)",
            "group": "Operations",
            "roleName": "Client Coverage Bulk",
            "roleDescription": "Users of this role is from Finance and Operations. Users in this role and in the appropriate team can initiate requests to Client Coverage.",
            "status": "Active",
            "action": ""
        },
        {
            "lob": "CPC",
            "bank": "Wealth Mgmt (USA)",
            "group": "Visibility",
            "roleName": "CPC Account Visibility",
            "roleDescription": "Provides access to CPC accounts to those without a role in the CPC LOB. No functionality is included. By adding this role, the CPC LOB will appear as Active in the Current Access section.",
            "status": "Active",
            "action": ""
        },
        {
            "lob": "JPMS",
            "bank": "Wealth Mgmt (USA)",
            "group": "Visibility",
            "roleName": "JPMS Account Visibility",
            "roleDescription": "Provides access to JPMS accounts to those without a role in the JPMS LOB. No functionality is included. By adding this role, the JP Morgan Securities LOB will appear as Active in the 'Current Access' section.",
            "status": "Active",
            "action": ""
        },
        {
            "lob": "PB",
            "bank": "Wealth Mgmt (USA)",
            "group": "Visibility",
            "roleName": "PB Account Visibility",
            "roleDescription": "Provides access to PB accounts to those without a role in the PB LOB. No functionality is included. By adding this role, the Private Bank LOB will appear as Active in the 'Current Access' section.",
            "status": "Active",
            "action": ""
        }
    ]
}